,model,method,ngram_range,min_df,max_df,max_feature,features_limit,train_acc,test_acc,f1_train,f1_test,gap_percent,comments
0,LogisticRegression,countVectorizer,"(1, 1)",1,0.9,5000,5000,0.9624,0.9288,0.9615,0.928,3.35,"ngram=(1, 1), min_df=1, max_df=0.9"
1,LogisticRegression,countVectorizer,"(1, 1)",1,0.95,5000,5000,0.9624,0.9288,0.9615,0.928,3.35,"ngram=(1, 1), min_df=1, max_df=0.95"
2,LogisticRegression,countVectorizer,"(1, 1)",1,0.99,5000,5000,0.9624,0.9288,0.9615,0.928,3.35,"ngram=(1, 1), min_df=1, max_df=0.99"
3,LogisticRegression,countVectorizer,"(1, 1)",5,0.9,4888,5000,0.9627,0.928,0.9618,0.9271,3.48,"ngram=(1, 1), min_df=5, max_df=0.9"
4,LogisticRegression,countVectorizer,"(1, 1)",5,0.95,4888,5000,0.9627,0.928,0.9618,0.9271,3.48,"ngram=(1, 1), min_df=5, max_df=0.95"
5,LogisticRegression,countVectorizer,"(1, 1)",5,0.99,4888,5000,0.9627,0.928,0.9618,0.9271,3.48,"ngram=(1, 1), min_df=5, max_df=0.99"
6,LogisticRegression,countVectorizer,"(1, 1)",10,0.9,3185,5000,0.9547,0.9262,0.9537,0.9254,2.84,"ngram=(1, 1), min_df=10, max_df=0.9"
7,LogisticRegression,countVectorizer,"(1, 1)",10,0.95,3185,5000,0.9547,0.9262,0.9537,0.9254,2.84,"ngram=(1, 1), min_df=10, max_df=0.95"
8,LogisticRegression,countVectorizer,"(1, 1)",10,0.99,3185,5000,0.9547,0.9262,0.9537,0.9254,2.84,"ngram=(1, 1), min_df=10, max_df=0.99"
9,LogisticRegression,countVectorizer,"(1, 1)",20,0.9,1987,5000,0.9431,0.9199,0.942,0.9191,2.28,"ngram=(1, 1), min_df=20, max_df=0.9"
10,LogisticRegression,countVectorizer,"(1, 1)",20,0.95,1987,5000,0.9431,0.9199,0.942,0.9191,2.28,"ngram=(1, 1), min_df=20, max_df=0.95"
11,LogisticRegression,countVectorizer,"(1, 1)",20,0.99,1987,5000,0.9431,0.9199,0.942,0.9191,2.28,"ngram=(1, 1), min_df=20, max_df=0.99"
12,LogisticRegression,countVectorizer,"(1, 2)",1,0.9,5000,5000,0.9638,0.9291,0.963,0.9283,3.47,"ngram=(1, 2), min_df=1, max_df=0.9"
13,LogisticRegression,countVectorizer,"(1, 2)",1,0.95,5000,5000,0.9638,0.9291,0.963,0.9283,3.47,"ngram=(1, 2), min_df=1, max_df=0.95"
14,LogisticRegression,countVectorizer,"(1, 2)",1,0.99,5000,5000,0.9638,0.9291,0.963,0.9283,3.47,"ngram=(1, 2), min_df=1, max_df=0.99"
15,LogisticRegression,countVectorizer,"(1, 2)",5,0.9,5000,5000,0.9643,0.929,0.9635,0.9281,3.53,"ngram=(1, 2), min_df=5, max_df=0.9"
16,LogisticRegression,countVectorizer,"(1, 2)",5,0.95,5000,5000,0.9643,0.929,0.9635,0.9281,3.53,"ngram=(1, 2), min_df=5, max_df=0.95"
17,LogisticRegression,countVectorizer,"(1, 2)",5,0.99,5000,5000,0.9643,0.929,0.9635,0.9281,3.53,"ngram=(1, 2), min_df=5, max_df=0.99"
18,LogisticRegression,countVectorizer,"(1, 2)",10,0.9,4538,5000,0.9621,0.9278,0.9613,0.9269,3.43,"ngram=(1, 2), min_df=10, max_df=0.9"
19,LogisticRegression,countVectorizer,"(1, 2)",10,0.95,4538,5000,0.9621,0.9278,0.9613,0.9269,3.43,"ngram=(1, 2), min_df=10, max_df=0.95"
20,LogisticRegression,countVectorizer,"(1, 2)",10,0.99,4538,5000,0.9621,0.9278,0.9613,0.9269,3.43,"ngram=(1, 2), min_df=10, max_df=0.99"
21,LogisticRegression,countVectorizer,"(1, 2)",20,0.9,2456,5000,0.9495,0.924,0.9485,0.923,2.55,"ngram=(1, 2), min_df=20, max_df=0.9"
22,LogisticRegression,countVectorizer,"(1, 2)",20,0.95,2456,5000,0.9495,0.924,0.9485,0.923,2.55,"ngram=(1, 2), min_df=20, max_df=0.95"
23,LogisticRegression,countVectorizer,"(1, 2)",20,0.99,2456,5000,0.9495,0.924,0.9485,0.923,2.55,"ngram=(1, 2), min_df=20, max_df=0.99"
24,LogisticRegression,countVectorizer,"(1, 3)",1,0.9,5000,5000,0.9637,0.9287,0.9629,0.9278,3.5,"ngram=(1, 3), min_df=1, max_df=0.9"
25,LogisticRegression,countVectorizer,"(1, 3)",1,0.95,5000,5000,0.9637,0.9287,0.9629,0.9278,3.5,"ngram=(1, 3), min_df=1, max_df=0.95"
26,LogisticRegression,countVectorizer,"(1, 3)",1,0.99,5000,5000,0.9637,0.9287,0.9629,0.9278,3.5,"ngram=(1, 3), min_df=1, max_df=0.99"
27,LogisticRegression,countVectorizer,"(1, 3)",5,0.9,5000,5000,0.9643,0.9278,0.9635,0.927,3.65,"ngram=(1, 3), min_df=5, max_df=0.9"
28,LogisticRegression,countVectorizer,"(1, 3)",5,0.95,5000,5000,0.9643,0.9278,0.9635,0.927,3.65,"ngram=(1, 3), min_df=5, max_df=0.95"
29,LogisticRegression,countVectorizer,"(1, 3)",5,0.99,5000,5000,0.9643,0.9278,0.9635,0.927,3.65,"ngram=(1, 3), min_df=5, max_df=0.99"
30,LogisticRegression,countVectorizer,"(1, 3)",10,0.9,4666,5000,0.9628,0.9274,0.962,0.9265,3.55,"ngram=(1, 3), min_df=10, max_df=0.9"
31,LogisticRegression,countVectorizer,"(1, 3)",10,0.95,4666,5000,0.9628,0.9274,0.962,0.9265,3.55,"ngram=(1, 3), min_df=10, max_df=0.95"
32,LogisticRegression,countVectorizer,"(1, 3)",10,0.99,4666,5000,0.9628,0.9274,0.962,0.9265,3.55,"ngram=(1, 3), min_df=10, max_df=0.99"
33,LogisticRegression,countVectorizer,"(1, 3)",20,0.9,2482,5000,0.9491,0.9237,0.9481,0.9228,2.54,"ngram=(1, 3), min_df=20, max_df=0.9"
34,LogisticRegression,countVectorizer,"(1, 3)",20,0.95,2482,5000,0.9491,0.9237,0.9481,0.9228,2.54,"ngram=(1, 3), min_df=20, max_df=0.95"
35,LogisticRegression,countVectorizer,"(1, 3)",20,0.99,2482,5000,0.9491,0.9237,0.9481,0.9228,2.54,"ngram=(1, 3), min_df=20, max_df=0.99"
36,LogisticRegression,countVectorizer,"(2, 2)",1,0.9,5000,5000,0.869,0.8215,0.8747,0.8327,4.2,"ngram=(2, 2), min_df=1, max_df=0.9"
37,LogisticRegression,countVectorizer,"(2, 2)",1,0.95,5000,5000,0.869,0.8215,0.8747,0.8327,4.2,"ngram=(2, 2), min_df=1, max_df=0.95"
38,LogisticRegression,countVectorizer,"(2, 2)",1,0.99,5000,5000,0.869,0.8215,0.8747,0.8327,4.2,"ngram=(2, 2), min_df=1, max_df=0.99"
39,LogisticRegression,countVectorizer,"(2, 2)",5,0.9,4132,5000,0.8582,0.8164,0.8653,0.8288,3.64,"ngram=(2, 2), min_df=5, max_df=0.9"
40,LogisticRegression,countVectorizer,"(2, 2)",5,0.95,4132,5000,0.8582,0.8164,0.8653,0.8288,3.64,"ngram=(2, 2), min_df=5, max_df=0.95"
41,LogisticRegression,countVectorizer,"(2, 2)",5,0.99,4132,5000,0.8582,0.8164,0.8653,0.8288,3.64,"ngram=(2, 2), min_df=5, max_df=0.99"
42,LogisticRegression,countVectorizer,"(2, 2)",10,0.9,1353,5000,0.7846,0.7579,0.8074,0.7875,1.99,"ngram=(2, 2), min_df=10, max_df=0.9"
43,LogisticRegression,countVectorizer,"(2, 2)",10,0.95,1353,5000,0.7846,0.7579,0.8074,0.7875,1.99,"ngram=(2, 2), min_df=10, max_df=0.95"
44,LogisticRegression,countVectorizer,"(2, 2)",10,0.99,1353,5000,0.7846,0.7579,0.8074,0.7875,1.99,"ngram=(2, 2), min_df=10, max_df=0.99"
45,LogisticRegression,countVectorizer,"(2, 2)",20,0.9,469,5000,0.7062,0.6915,0.7555,0.7457,0.97,"ngram=(2, 2), min_df=20, max_df=0.9"
46,LogisticRegression,countVectorizer,"(2, 2)",20,0.95,469,5000,0.7062,0.6915,0.7555,0.7457,0.97,"ngram=(2, 2), min_df=20, max_df=0.95"
47,LogisticRegression,countVectorizer,"(2, 2)",20,0.99,469,5000,0.7062,0.6915,0.7555,0.7457,0.97,"ngram=(2, 2), min_df=20, max_df=0.99"
48,LinearSVC,countVectorizer,"(1, 1)",1,0.9,5000,5000,0.9811,0.9206,0.9806,0.919,6.15,"ngram=(1, 1), min_df=1, max_df=0.9"
49,LinearSVC,countVectorizer,"(1, 1)",1,0.95,5000,5000,0.9811,0.9206,0.9806,0.919,6.15,"ngram=(1, 1), min_df=1, max_df=0.95"
50,LinearSVC,countVectorizer,"(1, 1)",1,0.99,5000,5000,0.9811,0.9206,0.9806,0.919,6.15,"ngram=(1, 1), min_df=1, max_df=0.99"
51,LinearSVC,countVectorizer,"(1, 1)",5,0.9,4888,5000,0.9799,0.9199,0.9793,0.9183,6.1,"ngram=(1, 1), min_df=5, max_df=0.9"
52,LinearSVC,countVectorizer,"(1, 1)",5,0.95,4888,5000,0.9799,0.9199,0.9793,0.9183,6.1,"ngram=(1, 1), min_df=5, max_df=0.95"
53,LinearSVC,countVectorizer,"(1, 1)",5,0.99,4888,5000,0.9799,0.9199,0.9793,0.9183,6.1,"ngram=(1, 1), min_df=5, max_df=0.99"
54,LinearSVC,countVectorizer,"(1, 1)",10,0.9,3185,5000,0.9662,0.9179,0.9654,0.9167,4.87,"ngram=(1, 1), min_df=10, max_df=0.9"
55,LinearSVC,countVectorizer,"(1, 1)",10,0.95,3185,5000,0.9662,0.9179,0.9654,0.9167,4.87,"ngram=(1, 1), min_df=10, max_df=0.95"
56,LinearSVC,countVectorizer,"(1, 1)",10,0.99,3185,5000,0.9662,0.9179,0.9654,0.9167,4.87,"ngram=(1, 1), min_df=10, max_df=0.99"
57,LinearSVC,countVectorizer,"(1, 1)",20,0.9,1987,5000,0.9495,0.9159,0.9484,0.9147,3.37,"ngram=(1, 1), min_df=20, max_df=0.9"
58,LinearSVC,countVectorizer,"(1, 1)",20,0.95,1987,5000,0.9495,0.9159,0.9484,0.9147,3.37,"ngram=(1, 1), min_df=20, max_df=0.95"
59,LinearSVC,countVectorizer,"(1, 1)",20,0.99,1987,5000,0.9495,0.9159,0.9484,0.9147,3.37,"ngram=(1, 1), min_df=20, max_df=0.99"
60,LinearSVC,countVectorizer,"(1, 2)",1,0.9,5000,5000,0.9821,0.919,0.9816,0.9174,6.42,"ngram=(1, 2), min_df=1, max_df=0.9"
61,LinearSVC,countVectorizer,"(1, 2)",1,0.95,5000,5000,0.9821,0.919,0.9816,0.9174,6.42,"ngram=(1, 2), min_df=1, max_df=0.95"
62,LinearSVC,countVectorizer,"(1, 2)",1,0.99,5000,5000,0.9821,0.919,0.9816,0.9174,6.42,"ngram=(1, 2), min_df=1, max_df=0.99"
63,LinearSVC,countVectorizer,"(1, 2)",5,0.9,5000,5000,0.9821,0.9212,0.9817,0.9197,6.2,"ngram=(1, 2), min_df=5, max_df=0.9"
64,LinearSVC,countVectorizer,"(1, 2)",5,0.95,5000,5000,0.9821,0.9212,0.9817,0.9197,6.2,"ngram=(1, 2), min_df=5, max_df=0.95"
65,LinearSVC,countVectorizer,"(1, 2)",5,0.99,5000,5000,0.9821,0.9212,0.9817,0.9197,6.2,"ngram=(1, 2), min_df=5, max_df=0.99"
66,LinearSVC,countVectorizer,"(1, 2)",10,0.9,4538,5000,0.9788,0.9203,0.9782,0.919,5.92,"ngram=(1, 2), min_df=10, max_df=0.9"
67,LinearSVC,countVectorizer,"(1, 2)",10,0.95,4538,5000,0.9788,0.9203,0.9782,0.919,5.92,"ngram=(1, 2), min_df=10, max_df=0.95"
68,LinearSVC,countVectorizer,"(1, 2)",10,0.99,4538,5000,0.9788,0.9203,0.9782,0.919,5.92,"ngram=(1, 2), min_df=10, max_df=0.99"
69,LinearSVC,countVectorizer,"(1, 2)",20,0.9,2456,5000,0.9567,0.919,0.9556,0.9176,3.8,"ngram=(1, 2), min_df=20, max_df=0.9"
70,LinearSVC,countVectorizer,"(1, 2)",20,0.95,2456,5000,0.9567,0.919,0.9556,0.9176,3.8,"ngram=(1, 2), min_df=20, max_df=0.95"
71,LinearSVC,countVectorizer,"(1, 2)",20,0.99,2456,5000,0.9567,0.919,0.9556,0.9176,3.8,"ngram=(1, 2), min_df=20, max_df=0.99"
72,LinearSVC,countVectorizer,"(1, 3)",1,0.9,5000,5000,0.9812,0.9187,0.9807,0.9173,6.34,"ngram=(1, 3), min_df=1, max_df=0.9"
73,LinearSVC,countVectorizer,"(1, 3)",1,0.95,5000,5000,0.9812,0.9187,0.9807,0.9173,6.34,"ngram=(1, 3), min_df=1, max_df=0.95"
74,LinearSVC,countVectorizer,"(1, 3)",1,0.99,5000,5000,0.9812,0.9187,0.9807,0.9173,6.34,"ngram=(1, 3), min_df=1, max_df=0.99"
75,LinearSVC,countVectorizer,"(1, 3)",5,0.9,5000,5000,0.981,0.9203,0.9805,0.919,6.16,"ngram=(1, 3), min_df=5, max_df=0.9"
76,LinearSVC,countVectorizer,"(1, 3)",5,0.95,5000,5000,0.981,0.9203,0.9805,0.919,6.16,"ngram=(1, 3), min_df=5, max_df=0.95"
77,LinearSVC,countVectorizer,"(1, 3)",5,0.99,5000,5000,0.981,0.9203,0.9805,0.919,6.16,"ngram=(1, 3), min_df=5, max_df=0.99"
78,LinearSVC,countVectorizer,"(1, 3)",10,0.9,4666,5000,0.979,0.9202,0.9785,0.9188,5.97,"ngram=(1, 3), min_df=10, max_df=0.9"
79,LinearSVC,countVectorizer,"(1, 3)",10,0.95,4666,5000,0.979,0.9202,0.9785,0.9188,5.97,"ngram=(1, 3), min_df=10, max_df=0.95"
80,LinearSVC,countVectorizer,"(1, 3)",10,0.99,4666,5000,0.979,0.9202,0.9785,0.9188,5.97,"ngram=(1, 3), min_df=10, max_df=0.99"
81,LinearSVC,countVectorizer,"(1, 3)",20,0.9,2482,5000,0.9566,0.9183,0.9556,0.9169,3.87,"ngram=(1, 3), min_df=20, max_df=0.9"
82,LinearSVC,countVectorizer,"(1, 3)",20,0.95,2482,5000,0.9566,0.9183,0.9556,0.9169,3.87,"ngram=(1, 3), min_df=20, max_df=0.95"
83,LinearSVC,countVectorizer,"(1, 3)",20,0.99,2482,5000,0.9566,0.9183,0.9556,0.9169,3.87,"ngram=(1, 3), min_df=20, max_df=0.99"
84,LinearSVC,countVectorizer,"(2, 2)",1,0.9,5000,5000,0.881,0.8183,0.8861,0.83,5.61,"ngram=(2, 2), min_df=1, max_df=0.9"
85,LinearSVC,countVectorizer,"(2, 2)",1,0.95,5000,5000,0.881,0.8183,0.8861,0.83,5.61,"ngram=(2, 2), min_df=1, max_df=0.95"
86,LinearSVC,countVectorizer,"(2, 2)",1,0.99,5000,5000,0.881,0.8183,0.8861,0.83,5.61,"ngram=(2, 2), min_df=1, max_df=0.99"
87,LinearSVC,countVectorizer,"(2, 2)",5,0.9,4132,5000,0.8678,0.8134,0.8744,0.8262,4.81,"ngram=(2, 2), min_df=5, max_df=0.9"
88,LinearSVC,countVectorizer,"(2, 2)",5,0.95,4132,5000,0.8678,0.8134,0.8744,0.8262,4.81,"ngram=(2, 2), min_df=5, max_df=0.95"
89,LinearSVC,countVectorizer,"(2, 2)",5,0.99,4132,5000,0.8678,0.8134,0.8744,0.8262,4.81,"ngram=(2, 2), min_df=5, max_df=0.99"
90,LinearSVC,countVectorizer,"(2, 2)",10,0.9,1353,5000,0.7858,0.7598,0.8092,0.7897,1.95,"ngram=(2, 2), min_df=10, max_df=0.9"
91,LinearSVC,countVectorizer,"(2, 2)",10,0.95,1353,5000,0.7858,0.7598,0.8092,0.7897,1.95,"ngram=(2, 2), min_df=10, max_df=0.95"
92,LinearSVC,countVectorizer,"(2, 2)",10,0.99,1353,5000,0.7858,0.7598,0.8092,0.7897,1.95,"ngram=(2, 2), min_df=10, max_df=0.99"
93,LinearSVC,countVectorizer,"(2, 2)",20,0.9,469,5000,0.7063,0.6912,0.7556,0.7456,1.0,"ngram=(2, 2), min_df=20, max_df=0.9"
94,LinearSVC,countVectorizer,"(2, 2)",20,0.95,469,5000,0.7063,0.6912,0.7556,0.7456,1.0,"ngram=(2, 2), min_df=20, max_df=0.95"
95,LinearSVC,countVectorizer,"(2, 2)",20,0.99,469,5000,0.7063,0.6912,0.7556,0.7456,1.0,"ngram=(2, 2), min_df=20, max_df=0.99"
96,MultinomialNB,countVectorizer,"(1, 1)",1,0.9,5000,5000,0.9358,0.92,0.9336,0.9174,1.62,"ngram=(1, 1), min_df=1, max_df=0.9"
97,MultinomialNB,countVectorizer,"(1, 1)",1,0.95,5000,5000,0.9358,0.92,0.9336,0.9174,1.62,"ngram=(1, 1), min_df=1, max_df=0.95"
98,MultinomialNB,countVectorizer,"(1, 1)",1,0.99,5000,5000,0.9358,0.92,0.9336,0.9174,1.62,"ngram=(1, 1), min_df=1, max_df=0.99"
99,MultinomialNB,countVectorizer,"(1, 1)",5,0.9,4888,5000,0.9355,0.9205,0.9333,0.9179,1.55,"ngram=(1, 1), min_df=5, max_df=0.9"
100,MultinomialNB,countVectorizer,"(1, 1)",5,0.95,4888,5000,0.9355,0.9205,0.9333,0.9179,1.55,"ngram=(1, 1), min_df=5, max_df=0.95"
101,MultinomialNB,countVectorizer,"(1, 1)",5,0.99,4888,5000,0.9355,0.9205,0.9333,0.9179,1.55,"ngram=(1, 1), min_df=5, max_df=0.99"
102,MultinomialNB,countVectorizer,"(1, 1)",10,0.9,3185,5000,0.9294,0.9148,0.927,0.912,1.5,"ngram=(1, 1), min_df=10, max_df=0.9"
103,MultinomialNB,countVectorizer,"(1, 1)",10,0.95,3185,5000,0.9294,0.9148,0.927,0.912,1.5,"ngram=(1, 1), min_df=10, max_df=0.95"
104,MultinomialNB,countVectorizer,"(1, 1)",10,0.99,3185,5000,0.9294,0.9148,0.927,0.912,1.5,"ngram=(1, 1), min_df=10, max_df=0.99"
105,MultinomialNB,countVectorizer,"(1, 1)",20,0.9,1987,5000,0.9214,0.9102,0.9186,0.9072,1.14,"ngram=(1, 1), min_df=20, max_df=0.9"
106,MultinomialNB,countVectorizer,"(1, 1)",20,0.95,1987,5000,0.9214,0.9102,0.9186,0.9072,1.14,"ngram=(1, 1), min_df=20, max_df=0.95"
107,MultinomialNB,countVectorizer,"(1, 1)",20,0.99,1987,5000,0.9214,0.9102,0.9186,0.9072,1.14,"ngram=(1, 1), min_df=20, max_df=0.99"
108,MultinomialNB,countVectorizer,"(1, 2)",1,0.9,5000,5000,0.9329,0.9192,0.9307,0.9164,1.43,"ngram=(1, 2), min_df=1, max_df=0.9"
109,MultinomialNB,countVectorizer,"(1, 2)",1,0.95,5000,5000,0.9329,0.9192,0.9307,0.9164,1.43,"ngram=(1, 2), min_df=1, max_df=0.95"
110,MultinomialNB,countVectorizer,"(1, 2)",1,0.99,5000,5000,0.9329,0.9192,0.9307,0.9164,1.43,"ngram=(1, 2), min_df=1, max_df=0.99"
111,MultinomialNB,countVectorizer,"(1, 2)",5,0.9,5000,5000,0.9329,0.9187,0.9306,0.9159,1.47,"ngram=(1, 2), min_df=5, max_df=0.9"
112,MultinomialNB,countVectorizer,"(1, 2)",5,0.95,5000,5000,0.9329,0.9187,0.9306,0.9159,1.47,"ngram=(1, 2), min_df=5, max_df=0.95"
113,MultinomialNB,countVectorizer,"(1, 2)",5,0.99,5000,5000,0.9329,0.9187,0.9306,0.9159,1.47,"ngram=(1, 2), min_df=5, max_df=0.99"
114,MultinomialNB,countVectorizer,"(1, 2)",10,0.9,4538,5000,0.9316,0.9186,0.9293,0.9158,1.35,"ngram=(1, 2), min_df=10, max_df=0.9"
115,MultinomialNB,countVectorizer,"(1, 2)",10,0.95,4538,5000,0.9316,0.9186,0.9293,0.9158,1.35,"ngram=(1, 2), min_df=10, max_df=0.95"
116,MultinomialNB,countVectorizer,"(1, 2)",10,0.99,4538,5000,0.9316,0.9186,0.9293,0.9158,1.35,"ngram=(1, 2), min_df=10, max_df=0.99"
117,MultinomialNB,countVectorizer,"(1, 2)",20,0.9,2456,5000,0.9218,0.9108,0.919,0.9076,1.14,"ngram=(1, 2), min_df=20, max_df=0.9"
118,MultinomialNB,countVectorizer,"(1, 2)",20,0.95,2456,5000,0.9218,0.9108,0.919,0.9076,1.14,"ngram=(1, 2), min_df=20, max_df=0.95"
119,MultinomialNB,countVectorizer,"(1, 2)",20,0.99,2456,5000,0.9218,0.9108,0.919,0.9076,1.14,"ngram=(1, 2), min_df=20, max_df=0.99"
120,MultinomialNB,countVectorizer,"(1, 3)",1,0.9,5000,5000,0.9326,0.9184,0.9303,0.9155,1.47,"ngram=(1, 3), min_df=1, max_df=0.9"
121,MultinomialNB,countVectorizer,"(1, 3)",1,0.95,5000,5000,0.9326,0.9184,0.9303,0.9155,1.47,"ngram=(1, 3), min_df=1, max_df=0.95"
122,MultinomialNB,countVectorizer,"(1, 3)",1,0.99,5000,5000,0.9326,0.9184,0.9303,0.9155,1.47,"ngram=(1, 3), min_df=1, max_df=0.99"
123,MultinomialNB,countVectorizer,"(1, 3)",5,0.9,5000,5000,0.9327,0.9187,0.9303,0.9158,1.46,"ngram=(1, 3), min_df=5, max_df=0.9"
124,MultinomialNB,countVectorizer,"(1, 3)",5,0.95,5000,5000,0.9327,0.9187,0.9303,0.9158,1.46,"ngram=(1, 3), min_df=5, max_df=0.95"
125,MultinomialNB,countVectorizer,"(1, 3)",5,0.99,5000,5000,0.9327,0.9187,0.9303,0.9158,1.46,"ngram=(1, 3), min_df=5, max_df=0.99"
126,MultinomialNB,countVectorizer,"(1, 3)",10,0.9,4666,5000,0.9318,0.918,0.9294,0.9151,1.43,"ngram=(1, 3), min_df=10, max_df=0.9"
127,MultinomialNB,countVectorizer,"(1, 3)",10,0.95,4666,5000,0.9318,0.918,0.9294,0.9151,1.43,"ngram=(1, 3), min_df=10, max_df=0.95"
128,MultinomialNB,countVectorizer,"(1, 3)",10,0.99,4666,5000,0.9318,0.918,0.9294,0.9151,1.43,"ngram=(1, 3), min_df=10, max_df=0.99"
129,MultinomialNB,countVectorizer,"(1, 3)",20,0.9,2482,5000,0.9216,0.9116,0.9188,0.9083,1.05,"ngram=(1, 3), min_df=20, max_df=0.9"
130,MultinomialNB,countVectorizer,"(1, 3)",20,0.95,2482,5000,0.9216,0.9116,0.9188,0.9083,1.05,"ngram=(1, 3), min_df=20, max_df=0.95"
131,MultinomialNB,countVectorizer,"(1, 3)",20,0.99,2482,5000,0.9216,0.9116,0.9188,0.9083,1.05,"ngram=(1, 3), min_df=20, max_df=0.99"
132,MultinomialNB,countVectorizer,"(2, 2)",1,0.9,5000,5000,0.8343,0.7984,0.8113,0.7669,4.45,"ngram=(2, 2), min_df=1, max_df=0.9"
133,MultinomialNB,countVectorizer,"(2, 2)",1,0.95,5000,5000,0.8343,0.7984,0.8113,0.7669,4.45,"ngram=(2, 2), min_df=1, max_df=0.95"
134,MultinomialNB,countVectorizer,"(2, 2)",1,0.99,5000,5000,0.8343,0.7984,0.8113,0.7669,4.45,"ngram=(2, 2), min_df=1, max_df=0.99"
135,MultinomialNB,countVectorizer,"(2, 2)",5,0.9,4132,5000,0.8222,0.791,0.7951,0.7558,3.93,"ngram=(2, 2), min_df=5, max_df=0.9"
136,MultinomialNB,countVectorizer,"(2, 2)",5,0.95,4132,5000,0.8222,0.791,0.7951,0.7558,3.93,"ngram=(2, 2), min_df=5, max_df=0.95"
137,MultinomialNB,countVectorizer,"(2, 2)",5,0.99,4132,5000,0.8222,0.791,0.7951,0.7558,3.93,"ngram=(2, 2), min_df=5, max_df=0.99"
138,MultinomialNB,countVectorizer,"(2, 2)",10,0.9,1353,5000,0.7495,0.7388,0.6873,0.6734,1.39,"ngram=(2, 2), min_df=10, max_df=0.9"
139,MultinomialNB,countVectorizer,"(2, 2)",10,0.95,1353,5000,0.7495,0.7388,0.6873,0.6734,1.39,"ngram=(2, 2), min_df=10, max_df=0.95"
140,MultinomialNB,countVectorizer,"(2, 2)",10,0.99,1353,5000,0.7495,0.7388,0.6873,0.6734,1.39,"ngram=(2, 2), min_df=10, max_df=0.99"
141,MultinomialNB,countVectorizer,"(2, 2)",20,0.9,469,5000,0.6853,0.68,0.5715,0.5641,0.74,"ngram=(2, 2), min_df=20, max_df=0.9"
142,MultinomialNB,countVectorizer,"(2, 2)",20,0.95,469,5000,0.6853,0.68,0.5715,0.5641,0.74,"ngram=(2, 2), min_df=20, max_df=0.95"
143,MultinomialNB,countVectorizer,"(2, 2)",20,0.99,469,5000,0.6853,0.68,0.5715,0.5641,0.74,"ngram=(2, 2), min_df=20, max_df=0.99"
144,RandomForestClassifier,countVectorizer,"(1, 1)",1,0.9,5000,5000,0.8666,0.8549,0.8634,0.8513,1.21,"ngram=(1, 1), min_df=1, max_df=0.9"
145,RandomForestClassifier,countVectorizer,"(1, 1)",1,0.95,5000,5000,0.8743,0.8581,0.8758,0.8596,1.62,"ngram=(1, 1), min_df=1, max_df=0.95"
146,RandomForestClassifier,countVectorizer,"(1, 1)",1,0.99,5000,5000,0.8668,0.8527,0.8649,0.85,1.5,"ngram=(1, 1), min_df=1, max_df=0.99"
147,RandomForestClassifier,countVectorizer,"(1, 1)",5,0.9,4888,5000,0.8597,0.8464,0.8546,0.8404,1.43,"ngram=(1, 1), min_df=5, max_df=0.9"
148,RandomForestClassifier,countVectorizer,"(1, 1)",5,0.95,4888,5000,0.8585,0.8452,0.8521,0.8377,1.44,"ngram=(1, 1), min_df=5, max_df=0.95"
149,RandomForestClassifier,countVectorizer,"(1, 1)",5,0.99,4888,5000,0.8579,0.8458,0.8511,0.8384,1.27,"ngram=(1, 1), min_df=5, max_df=0.99"
150,RandomForestClassifier,countVectorizer,"(1, 1)",10,0.9,3185,5000,0.8672,0.8512,0.8699,0.8546,1.53,"ngram=(1, 1), min_df=10, max_df=0.9"
151,RandomForestClassifier,countVectorizer,"(1, 1)",10,0.95,3185,5000,0.8644,0.8525,0.8631,0.8511,1.2,"ngram=(1, 1), min_df=10, max_df=0.95"
152,RandomForestClassifier,countVectorizer,"(1, 1)",10,0.99,3185,5000,0.8633,0.8477,0.8667,0.8518,1.49,"ngram=(1, 1), min_df=10, max_df=0.99"
153,RandomForestClassifier,countVectorizer,"(1, 1)",20,0.9,1987,5000,0.8524,0.8382,0.8596,0.8467,1.29,"ngram=(1, 1), min_df=20, max_df=0.9"
154,RandomForestClassifier,countVectorizer,"(1, 1)",20,0.95,1987,5000,0.85,0.8363,0.8575,0.8452,1.23,"ngram=(1, 1), min_df=20, max_df=0.95"
155,RandomForestClassifier,countVectorizer,"(1, 1)",20,0.99,1987,5000,0.8543,0.8413,0.8609,0.8487,1.21,"ngram=(1, 1), min_df=20, max_df=0.99"
156,RandomForestClassifier,countVectorizer,"(1, 2)",1,0.9,5000,5000,0.8752,0.858,0.8757,0.8585,1.72,"ngram=(1, 2), min_df=1, max_df=0.9"
157,RandomForestClassifier,countVectorizer,"(1, 2)",1,0.95,5000,5000,0.8572,0.8462,0.8519,0.8406,1.13,"ngram=(1, 2), min_df=1, max_df=0.95"
158,RandomForestClassifier,countVectorizer,"(1, 2)",1,0.99,5000,5000,0.8657,0.8528,0.8637,0.8502,1.35,"ngram=(1, 2), min_df=1, max_df=0.99"
159,RandomForestClassifier,countVectorizer,"(1, 2)",5,0.9,5000,5000,0.8699,0.8561,0.8706,0.8569,1.38,"ngram=(1, 2), min_df=5, max_df=0.9"
160,RandomForestClassifier,countVectorizer,"(1, 2)",5,0.95,5000,5000,0.8577,0.8458,0.8533,0.8409,1.24,"ngram=(1, 2), min_df=5, max_df=0.95"
161,RandomForestClassifier,countVectorizer,"(1, 2)",5,0.99,5000,5000,0.8708,0.8558,0.8728,0.8578,1.5,"ngram=(1, 2), min_df=5, max_df=0.99"
162,RandomForestClassifier,countVectorizer,"(1, 2)",10,0.9,4538,5000,0.8683,0.8569,0.8697,0.8586,1.11,"ngram=(1, 2), min_df=10, max_df=0.9"
163,RandomForestClassifier,countVectorizer,"(1, 2)",10,0.95,4538,5000,0.8653,0.8486,0.8687,0.8524,1.63,"ngram=(1, 2), min_df=10, max_df=0.95"
164,RandomForestClassifier,countVectorizer,"(1, 2)",10,0.99,4538,5000,0.853,0.8388,0.8483,0.8331,1.52,"ngram=(1, 2), min_df=10, max_df=0.99"
165,RandomForestClassifier,countVectorizer,"(1, 2)",20,0.9,2456,5000,0.8478,0.8342,0.8559,0.8438,1.21,"ngram=(1, 2), min_df=20, max_df=0.9"
166,RandomForestClassifier,countVectorizer,"(1, 2)",20,0.95,2456,5000,0.8595,0.8432,0.8639,0.8487,1.52,"ngram=(1, 2), min_df=20, max_df=0.95"
167,RandomForestClassifier,countVectorizer,"(1, 2)",20,0.99,2456,5000,0.8543,0.8407,0.8599,0.8468,1.3,"ngram=(1, 2), min_df=20, max_df=0.99"
168,RandomForestClassifier,countVectorizer,"(1, 3)",1,0.9,5000,5000,0.8664,0.8515,0.8625,0.8468,1.57,"ngram=(1, 3), min_df=1, max_df=0.9"
169,RandomForestClassifier,countVectorizer,"(1, 3)",1,0.95,5000,5000,0.8661,0.8544,0.8695,0.8582,1.13,"ngram=(1, 3), min_df=1, max_df=0.95"
170,RandomForestClassifier,countVectorizer,"(1, 3)",1,0.99,5000,5000,0.8706,0.8571,0.8727,0.8593,1.35,"ngram=(1, 3), min_df=1, max_df=0.99"
171,RandomForestClassifier,countVectorizer,"(1, 3)",5,0.9,5000,5000,0.86,0.848,0.8552,0.8426,1.26,"ngram=(1, 3), min_df=5, max_df=0.9"
172,RandomForestClassifier,countVectorizer,"(1, 3)",5,0.95,5000,5000,0.8666,0.8536,0.8645,0.851,1.35,"ngram=(1, 3), min_df=5, max_df=0.95"
173,RandomForestClassifier,countVectorizer,"(1, 3)",5,0.99,5000,5000,0.869,0.8577,0.8709,0.8598,1.11,"ngram=(1, 3), min_df=5, max_df=0.99"
174,RandomForestClassifier,countVectorizer,"(1, 3)",10,0.9,4666,5000,0.8645,0.8486,0.8685,0.8531,1.54,"ngram=(1, 3), min_df=10, max_df=0.9"
175,RandomForestClassifier,countVectorizer,"(1, 3)",10,0.95,4666,5000,0.8575,0.8432,0.8539,0.8389,1.49,"ngram=(1, 3), min_df=10, max_df=0.95"
176,RandomForestClassifier,countVectorizer,"(1, 3)",10,0.99,4666,5000,0.8678,0.8524,0.8708,0.8556,1.52,"ngram=(1, 3), min_df=10, max_df=0.99"
177,RandomForestClassifier,countVectorizer,"(1, 3)",20,0.9,2482,5000,0.8524,0.8364,0.859,0.8446,1.44,"ngram=(1, 3), min_df=20, max_df=0.9"
178,RandomForestClassifier,countVectorizer,"(1, 3)",20,0.95,2482,5000,0.852,0.838,0.8596,0.8472,1.24,"ngram=(1, 3), min_df=20, max_df=0.95"
179,RandomForestClassifier,countVectorizer,"(1, 3)",20,0.99,2482,5000,0.8549,0.8367,0.8606,0.8438,1.68,"ngram=(1, 3), min_df=20, max_df=0.99"
180,RandomForestClassifier,countVectorizer,"(2, 2)",1,0.9,5000,5000,0.6244,0.6177,0.3939,0.3841,0.98,"ngram=(2, 2), min_df=1, max_df=0.9"
181,RandomForestClassifier,countVectorizer,"(2, 2)",1,0.95,5000,5000,0.6236,0.615,0.3921,0.3769,1.52,"ngram=(2, 2), min_df=1, max_df=0.95"
182,RandomForestClassifier,countVectorizer,"(2, 2)",1,0.99,5000,5000,0.6298,0.6226,0.4079,0.3975,1.04,"ngram=(2, 2), min_df=1, max_df=0.99"
183,RandomForestClassifier,countVectorizer,"(2, 2)",5,0.9,4132,5000,0.6254,0.6182,0.3963,0.3838,1.25,"ngram=(2, 2), min_df=5, max_df=0.9"
184,RandomForestClassifier,countVectorizer,"(2, 2)",5,0.95,4132,5000,0.6243,0.6165,0.3946,0.3819,1.27,"ngram=(2, 2), min_df=5, max_df=0.95"
185,RandomForestClassifier,countVectorizer,"(2, 2)",5,0.99,4132,5000,0.624,0.6168,0.3932,0.3806,1.26,"ngram=(2, 2), min_df=5, max_df=0.99"
186,RandomForestClassifier,countVectorizer,"(2, 2)",10,0.9,1353,5000,0.6146,0.6057,0.3701,0.3544,1.57,"ngram=(2, 2), min_df=10, max_df=0.9"
187,RandomForestClassifier,countVectorizer,"(2, 2)",10,0.95,1353,5000,0.6137,0.6065,0.3666,0.353,1.36,"ngram=(2, 2), min_df=10, max_df=0.95"
188,RandomForestClassifier,countVectorizer,"(2, 2)",10,0.99,1353,5000,0.615,0.6081,0.3707,0.3589,1.18,"ngram=(2, 2), min_df=10, max_df=0.99"
189,RandomForestClassifier,countVectorizer,"(2, 2)",20,0.9,469,5000,0.6044,0.5967,0.3411,0.3267,1.44,"ngram=(2, 2), min_df=20, max_df=0.9"
190,RandomForestClassifier,countVectorizer,"(2, 2)",20,0.95,469,5000,0.6055,0.5994,0.346,0.3362,0.97,"ngram=(2, 2), min_df=20, max_df=0.95"
191,RandomForestClassifier,countVectorizer,"(2, 2)",20,0.99,469,5000,0.6033,0.5985,0.3387,0.3312,0.75,"ngram=(2, 2), min_df=20, max_df=0.99"
192,XGBClassifier,countVectorizer,"(1, 1)",1,0.9,5000,5000,0.9655,0.9224,0.9648,0.9215,4.34,"ngram=(1, 1), min_df=1, max_df=0.9"
193,XGBClassifier,countVectorizer,"(1, 1)",1,0.95,5000,5000,0.9655,0.9224,0.9648,0.9215,4.34,"ngram=(1, 1), min_df=1, max_df=0.95"
194,XGBClassifier,countVectorizer,"(1, 1)",1,0.99,5000,5000,0.9655,0.9224,0.9648,0.9215,4.34,"ngram=(1, 1), min_df=1, max_df=0.99"
195,XGBClassifier,countVectorizer,"(1, 1)",5,0.9,4888,5000,0.9655,0.9224,0.9648,0.9215,4.34,"ngram=(1, 1), min_df=5, max_df=0.9"
196,XGBClassifier,countVectorizer,"(1, 1)",5,0.95,4888,5000,0.9655,0.9224,0.9648,0.9215,4.34,"ngram=(1, 1), min_df=5, max_df=0.95"
197,XGBClassifier,countVectorizer,"(1, 1)",5,0.99,4888,5000,0.9655,0.9224,0.9648,0.9215,4.34,"ngram=(1, 1), min_df=5, max_df=0.99"
198,XGBClassifier,countVectorizer,"(1, 1)",10,0.9,3185,5000,0.9651,0.9217,0.9645,0.9207,4.37,"ngram=(1, 1), min_df=10, max_df=0.9"
199,XGBClassifier,countVectorizer,"(1, 1)",10,0.95,3185,5000,0.9651,0.9217,0.9645,0.9207,4.37,"ngram=(1, 1), min_df=10, max_df=0.95"
200,XGBClassifier,countVectorizer,"(1, 1)",10,0.99,3185,5000,0.9651,0.9217,0.9645,0.9207,4.37,"ngram=(1, 1), min_df=10, max_df=0.99"
201,XGBClassifier,countVectorizer,"(1, 1)",20,0.9,1987,5000,0.9611,0.922,0.9604,0.9209,3.95,"ngram=(1, 1), min_df=20, max_df=0.9"
202,XGBClassifier,countVectorizer,"(1, 1)",20,0.95,1987,5000,0.9611,0.922,0.9604,0.9209,3.95,"ngram=(1, 1), min_df=20, max_df=0.95"
203,XGBClassifier,countVectorizer,"(1, 1)",20,0.99,1987,5000,0.9611,0.922,0.9604,0.9209,3.95,"ngram=(1, 1), min_df=20, max_df=0.99"
204,XGBClassifier,countVectorizer,"(1, 2)",1,0.9,5000,5000,0.9658,0.9246,0.9652,0.9237,4.14,"ngram=(1, 2), min_df=1, max_df=0.9"
205,XGBClassifier,countVectorizer,"(1, 2)",1,0.95,5000,5000,0.9658,0.9246,0.9652,0.9237,4.14,"ngram=(1, 2), min_df=1, max_df=0.95"
206,XGBClassifier,countVectorizer,"(1, 2)",1,0.99,5000,5000,0.9658,0.9246,0.9652,0.9237,4.14,"ngram=(1, 2), min_df=1, max_df=0.99"
207,XGBClassifier,countVectorizer,"(1, 2)",5,0.9,5000,5000,0.9661,0.9262,0.9654,0.9253,4.02,"ngram=(1, 2), min_df=5, max_df=0.9"
208,XGBClassifier,countVectorizer,"(1, 2)",5,0.95,5000,5000,0.9661,0.9262,0.9654,0.9253,4.02,"ngram=(1, 2), min_df=5, max_df=0.95"
209,XGBClassifier,countVectorizer,"(1, 2)",5,0.99,5000,5000,0.9661,0.9262,0.9654,0.9253,4.02,"ngram=(1, 2), min_df=5, max_df=0.99"
210,XGBClassifier,countVectorizer,"(1, 2)",10,0.9,4538,5000,0.9664,0.9231,0.9657,0.9223,4.34,"ngram=(1, 2), min_df=10, max_df=0.9"
211,XGBClassifier,countVectorizer,"(1, 2)",10,0.95,4538,5000,0.9664,0.9231,0.9657,0.9223,4.34,"ngram=(1, 2), min_df=10, max_df=0.95"
212,XGBClassifier,countVectorizer,"(1, 2)",10,0.99,4538,5000,0.9664,0.9231,0.9657,0.9223,4.34,"ngram=(1, 2), min_df=10, max_df=0.99"
213,XGBClassifier,countVectorizer,"(1, 2)",20,0.9,2456,5000,0.9625,0.9225,0.9618,0.9215,4.03,"ngram=(1, 2), min_df=20, max_df=0.9"
214,XGBClassifier,countVectorizer,"(1, 2)",20,0.95,2456,5000,0.9625,0.9225,0.9618,0.9215,4.03,"ngram=(1, 2), min_df=20, max_df=0.95"
215,XGBClassifier,countVectorizer,"(1, 2)",20,0.99,2456,5000,0.9625,0.9225,0.9618,0.9215,4.03,"ngram=(1, 2), min_df=20, max_df=0.99"
216,XGBClassifier,countVectorizer,"(1, 3)",1,0.9,5000,5000,0.9655,0.9253,0.9648,0.9245,4.03,"ngram=(1, 3), min_df=1, max_df=0.9"
217,XGBClassifier,countVectorizer,"(1, 3)",1,0.95,5000,5000,0.9655,0.9253,0.9648,0.9245,4.03,"ngram=(1, 3), min_df=1, max_df=0.95"
218,XGBClassifier,countVectorizer,"(1, 3)",1,0.99,5000,5000,0.9655,0.9253,0.9648,0.9245,4.03,"ngram=(1, 3), min_df=1, max_df=0.99"
219,XGBClassifier,countVectorizer,"(1, 3)",5,0.9,5000,5000,0.9662,0.9255,0.9656,0.9247,4.09,"ngram=(1, 3), min_df=5, max_df=0.9"
220,XGBClassifier,countVectorizer,"(1, 3)",5,0.95,5000,5000,0.9662,0.9255,0.9656,0.9247,4.09,"ngram=(1, 3), min_df=5, max_df=0.95"
221,XGBClassifier,countVectorizer,"(1, 3)",5,0.99,5000,5000,0.9662,0.9255,0.9656,0.9247,4.09,"ngram=(1, 3), min_df=5, max_df=0.99"
222,XGBClassifier,countVectorizer,"(1, 3)",10,0.9,4666,5000,0.9664,0.9255,0.9657,0.9246,4.11,"ngram=(1, 3), min_df=10, max_df=0.9"
223,XGBClassifier,countVectorizer,"(1, 3)",10,0.95,4666,5000,0.9664,0.9255,0.9657,0.9246,4.11,"ngram=(1, 3), min_df=10, max_df=0.95"
224,XGBClassifier,countVectorizer,"(1, 3)",10,0.99,4666,5000,0.9664,0.9255,0.9657,0.9246,4.11,"ngram=(1, 3), min_df=10, max_df=0.99"
225,XGBClassifier,countVectorizer,"(1, 3)",20,0.9,2482,5000,0.9625,0.9221,0.9618,0.9212,4.05,"ngram=(1, 3), min_df=20, max_df=0.9"
226,XGBClassifier,countVectorizer,"(1, 3)",20,0.95,2482,5000,0.9625,0.9221,0.9618,0.9212,4.05,"ngram=(1, 3), min_df=20, max_df=0.95"
227,XGBClassifier,countVectorizer,"(1, 3)",20,0.99,2482,5000,0.9625,0.9221,0.9618,0.9212,4.05,"ngram=(1, 3), min_df=20, max_df=0.99"
228,XGBClassifier,countVectorizer,"(2, 2)",1,0.9,5000,5000,0.8314,0.7909,0.8463,0.8138,3.25,"ngram=(2, 2), min_df=1, max_df=0.9"
229,XGBClassifier,countVectorizer,"(2, 2)",1,0.95,5000,5000,0.8314,0.7909,0.8463,0.8138,3.25,"ngram=(2, 2), min_df=1, max_df=0.95"
230,XGBClassifier,countVectorizer,"(2, 2)",1,0.99,5000,5000,0.8314,0.7909,0.8463,0.8138,3.25,"ngram=(2, 2), min_df=1, max_df=0.99"
231,XGBClassifier,countVectorizer,"(2, 2)",5,0.9,4132,5000,0.8314,0.7909,0.8463,0.8138,3.25,"ngram=(2, 2), min_df=5, max_df=0.9"
232,XGBClassifier,countVectorizer,"(2, 2)",5,0.95,4132,5000,0.8314,0.7909,0.8463,0.8138,3.25,"ngram=(2, 2), min_df=5, max_df=0.95"
233,XGBClassifier,countVectorizer,"(2, 2)",5,0.99,4132,5000,0.8314,0.7909,0.8463,0.8138,3.25,"ngram=(2, 2), min_df=5, max_df=0.99"
234,XGBClassifier,countVectorizer,"(2, 2)",10,0.9,1353,5000,0.7854,0.7581,0.8111,0.7906,2.05,"ngram=(2, 2), min_df=10, max_df=0.9"
235,XGBClassifier,countVectorizer,"(2, 2)",10,0.95,1353,5000,0.7854,0.7581,0.8111,0.7906,2.05,"ngram=(2, 2), min_df=10, max_df=0.95"
236,XGBClassifier,countVectorizer,"(2, 2)",10,0.99,1353,5000,0.7854,0.7581,0.8111,0.7906,2.05,"ngram=(2, 2), min_df=10, max_df=0.99"
237,XGBClassifier,countVectorizer,"(2, 2)",20,0.9,469,5000,0.7088,0.6931,0.7575,0.747,1.05,"ngram=(2, 2), min_df=20, max_df=0.9"
238,XGBClassifier,countVectorizer,"(2, 2)",20,0.95,469,5000,0.7088,0.6931,0.7575,0.747,1.05,"ngram=(2, 2), min_df=20, max_df=0.95"
239,XGBClassifier,countVectorizer,"(2, 2)",20,0.99,469,5000,0.7088,0.6931,0.7575,0.747,1.05,"ngram=(2, 2), min_df=20, max_df=0.99"
